{"credit":"Nonopichy#1373","ambientocclusion":false,"texture_size":[32,32],"textures":{"0":"guns/ak-47/default","particle":"guns/ak-47/default"},"elements":[{"from":[8,3,8],"to":[11,5,9],"rotation":{"angle":0,"axis":"z","origin":[0,0,2]},"faces":{"north":{"uv":[6,1,7.5,2],"texture":"#0"},"east":{"uv":[0,9,0.5,10],"texture":"#0"},"south":{"uv":[6,5,7.5,6],"texture":"#0"},"west":{"uv":[0.5,9,1,10],"texture":"#0"},"up":{"uv":[8,8.5,6.5,8],"texture":"#0"},"down":{"uv":[9.5,8,8,8.5],"texture":"#0"}}},{"from":[7,7,8],"to":[9,9,9],"rotation":{"angle":-45,"axis":"z","origin":[0,0,2]},"faces":{"north":{"uv":[7,3,8,4],"texture":"#0"},"east":{"uv":[4,9,4.5,10],"texture":"#0"},"south":{"uv":[6.5,7,7.5,8],"texture":"#0"},"west":{"uv":[9,4,9.5,5],"texture":"#0"},"up":{"uv":[10,3,9,2.5],"texture":"#0"},"down":{"uv":[6.5,9,5.5,9.5],"texture":"#0"}}},{"from":[9,-4,8],"to":[11,0,9],"rotation":{"angle":22.5,"axis":"z","origin":[0,0,2]},"faces":{"north":{"uv":[5,5,6,7],"texture":"#0"},"east":{"uv":[5.5,7,6,9],"texture":"#0"},"south":{"uv":[1,5.5,2,7.5],"texture":"#0"},"west":{"uv":[6,7,6.5,9],"texture":"#0"},"up":{"uv":[2,9.5,1,9],"texture":"#0"},"down":{"uv":[3,9,2,9.5],"texture":"#0"}}},{"from":[12,6,8],"to":[13,7,9],"rotation":{"angle":0,"axis":"z","origin":[0,0,2]},"faces":{"north":{"uv":[9.5,5,10,5.5],"texture":"#0"},"east":{"uv":[5.5,9.5,6,10],"texture":"#0"},"south":{"uv":[9.5,5.5,10,6],"texture":"#0"},"west":{"uv":[6,9.5,6.5,10],"texture":"#0"},"up":{"uv":[10,6.5,9.5,6],"texture":"#0"},"down":{"uv":[7,9.5,6.5,10],"texture":"#0"}}},{"from":[11,7,8],"to":[15,8,9],"rotation":{"angle":0,"axis":"z","origin":[0,0,2]},"faces":{"north":{"uv":[7.5,5,9.5,5.5],"texture":"#0"},"east":{"uv":[9.5,4.5,10,5],"texture":"#0"},"south":{"uv":[7.5,5.5,9.5,6],"texture":"#0"},"west":{"uv":[5,9.5,5.5,10],"texture":"#0"},"up":{"uv":[9.5,7.5,7.5,7],"texture":"#0"},"down":{"uv":[9.5,7.5,7.5,8],"texture":"#0"}}},{"from":[11,5,8],"to":[15,6,9],"rotation":{"angle":0,"axis":"z","origin":[0,0,2]},"faces":{"north":{"uv":[0,7.5,2,8],"texture":"#0"},"east":{"uv":[9.5,4,10,4.5],"texture":"#0"},"south":{"uv":[7.5,1,9.5,1.5],"texture":"#0"},"west":{"uv":[4.5,9.5,5,10],"texture":"#0"},"up":{"uv":[9.5,2,7.5,1.5],"texture":"#0"},"down":{"uv":[4,7.5,2,8],"texture":"#0"}}},{"from":[1,5,8],"to":[11,8,9],"rotation":{"angle":0,"axis":"z","origin":[0,0,2]},"faces":{"north":{"uv":[0,0,5,1.5],"texture":"#0"},"east":{"uv":[4,5.5,4.5,7],"texture":"#0"},"south":{"uv":[0,1.5,5,3],"texture":"#0"},"west":{"uv":[4,7.5,4.5,9],"texture":"#0"},"up":{"uv":[5,4.5,0,4],"texture":"#0"},"down":{"uv":[5,4.5,0,5],"texture":"#0"}}},{"from":[4,4,8],"to":[7,4,9],"rotation":{"angle":0,"axis":"z","origin":[0,0,2]},"faces":{"north":{"uv":[0,0,1.5,0],"texture":"#0"},"east":{"uv":[0,0,0.5,0],"texture":"#0"},"south":{"uv":[0,0,1.5,0],"texture":"#0"},"west":{"uv":[0,0,0.5,0],"texture":"#0"},"up":{"uv":[1.5,9,0,8.5],"texture":"#0"},"down":{"uv":[3,8.5,1.5,9],"texture":"#0"}}},{"from":[7,4,8],"to":[7,5,9],"rotation":{"angle":0,"axis":"z","origin":[0,0,2]},"faces":{"north":{"uv":[0,0,0,0.5],"texture":"#0"},"east":{"uv":[3,9.5,3.5,10],"texture":"#0"},"south":{"uv":[0,0,0,0.5],"texture":"#0"},"west":{"uv":[9.5,3,10,3.5],"texture":"#0"},"up":{"uv":[0,0.5,0,0],"texture":"#0"},"down":{"uv":[0,0,0,0.5],"texture":"#0"}}},{"from":[6,4,8],"to":[6,5,9],"rotation":{"angle":0,"axis":"z","origin":[0,0,2]},"faces":{"north":{"uv":[0,0,0,0.5],"texture":"#0"},"east":{"uv":[3.5,9.5,4,10],"texture":"#0"},"south":{"uv":[0,0,0,0.5],"texture":"#0"},"west":{"uv":[9.5,3.5,10,4],"texture":"#0"},"up":{"uv":[0,0.5,0,0],"texture":"#0"},"down":{"uv":[0,0,0,0.5],"texture":"#0"}}},{"from":[1,2,8],"to":[3,7,9],"rotation":{"angle":-22.5,"axis":"z","origin":[0,0,2]},"faces":{"north":{"uv":[0,5,1,7.5],"texture":"#0"},"east":{"uv":[4.5,5.5,5,8],"texture":"#0"},"south":{"uv":[5,0,6,2.5],"texture":"#0"},"west":{"uv":[5,7,5.5,9.5],"texture":"#0"},"up":{"uv":[8.5,9,7.5,8.5],"texture":"#0"},"down":{"uv":[9.5,8.5,8.5,9],"texture":"#0"}}},{"from":[0,5,8],"to":[1,6,9],"rotation":{"angle":-22.5,"axis":"z","origin":[0,0,2]},"faces":{"north":{"uv":[9.5,1,10,1.5],"texture":"#0"},"east":{"uv":[1.5,9.5,2,10],"texture":"#0"},"south":{"uv":[9.5,1.5,10,2],"texture":"#0"},"west":{"uv":[2,9.5,2.5,10],"texture":"#0"},"up":{"uv":[10,2.5,9.5,2],"texture":"#0"},"down":{"uv":[3,9.5,2.5,10],"texture":"#0"}}},{"from":[-5,4,8],"to":[-3,7,9],"rotation":{"angle":22.5,"axis":"z","origin":[0,0,2]},"faces":{"north":{"uv":[2,5.5,3,7],"texture":"#0"},"east":{"uv":[3,8,3.5,9.5],"texture":"#0"},"south":{"uv":[3,5.5,4,7],"texture":"#0"},"west":{"uv":[3.5,8,4,9.5],"texture":"#0"},"up":{"uv":[9.5,2.5,8.5,2],"texture":"#0"},"down":{"uv":[7.5,8.5,6.5,9],"texture":"#0"}}},{"from":[-5,7,8],"to":[0,8,9],"rotation":{"angle":22.5,"axis":"z","origin":[0,0,2]},"faces":{"north":{"uv":[6,2,8.5,2.5],"texture":"#0"},"east":{"uv":[9.5,0.5,10,1],"texture":"#0"},"south":{"uv":[6,6,8.5,6.5],"texture":"#0"},"west":{"uv":[1,9.5,1.5,10],"texture":"#0"},"up":{"uv":[8.5,7,6,6.5],"texture":"#0"},"down":{"uv":[4.5,7,2,7.5],"texture":"#0"}}},{"from":[-3,5,8],"to":[4,7,9],"rotation":{"angle":22.5,"axis":"z","origin":[0,0,2]},"faces":{"north":{"uv":[0,3,3.5,4],"texture":"#0"},"east":{"uv":[4.5,8,5,9],"texture":"#0"},"south":{"uv":[3.5,3,7,4],"texture":"#0"},"west":{"uv":[8.5,6,9,7],"texture":"#0"},"up":{"uv":[9.5,0.5,6,0],"texture":"#0"},"down":{"uv":[9.5,0.5,6,1],"texture":"#0"}}},{"from":[21,6,8],"to":[22,7,9],"rotation":{"angle":0,"axis":"z","origin":[0,0,2]},"faces":{"north":{"uv":[7,9,7.5,9.5],"texture":"#0"},"east":{"uv":[7.5,9,8,9.5],"texture":"#0"},"south":{"uv":[8,9,8.5,9.5],"texture":"#0"},"west":{"uv":[8.5,9,9,9.5],"texture":"#0"},"up":{"uv":[9.5,9.5,9,9],"texture":"#0"},"down":{"uv":[10,0,9.5,0.5],"texture":"#0"}}},{"from":[15,6,8],"to":[18,7,9],"rotation":{"angle":0,"axis":"z","origin":[0,0,2]},"faces":{"north":{"uv":[0,8,1.5,8.5],"texture":"#0"},"east":{"uv":[4.5,9,5,9.5],"texture":"#0"},"south":{"uv":[1.5,8,3,8.5],"texture":"#0"},"west":{"uv":[9,6,9.5,6.5],"texture":"#0"},"up":{"uv":[9.5,3.5,8,3],"texture":"#0"},"down":{"uv":[9.5,3.5,8,4],"texture":"#0"}}},{"from":[15,5,8],"to":[23,6,9],"rotation":{"angle":0,"axis":"z","origin":[0,0,2]},"faces":{"north":{"uv":[1,5,5,5.5],"texture":"#0"},"east":{"uv":[6.5,9,7,9.5],"texture":"#0"},"south":{"uv":[5,2.5,9,3],"texture":"#0"},"west":{"uv":[9,6.5,9.5,7],"texture":"#0"},"up":{"uv":[9,4.5,5,4],"texture":"#0"},"down":{"uv":[9,4.5,5,5],"texture":"#0"}}}],"overrides":[{"predicate":{"damage":0.00064},"model":"item/ak-47/falcao/1"},{"predicate":{"damage":0.00128},"model":"item/ak-47/rainbow/1"},{"predicate":{"damage":0.00192},"model":"item/diamond_sword"}],"display":{"thirdperson_righthand":{"rotation":[0,90,0],"translation":[0,4.75,0]},"thirdperson_lefthand":{"rotation":[0,-90,0],"translation":[0,4.25,0]},"firstperson_righthand":{"rotation":[0,80,0],"translation":[-0.75,5.5,-3],"scale":[1.25,1.25,1.25]},"firstperson_lefthand":{"rotation":[0,-90,0],"translation":[-1.25,5.5,-3],"scale":[1.25,1.25,1.25]},"ground":{"scale":[2,2,2]},"gui":{"rotation":[0,38,44],"translation":[-1.75,3.5,-2.75],"scale":[1.25,1.25,1.25]},"head":{"rotation":[-90,0,0],"translation":[3,6.5,-5.25],"scale":[2,2,2]},"fixed":{"translation":[0,0,-1]}},"groups":[{"name":"magazine","origin":[0,0,2],"color":0,"children":[0,1,2]},{"name":"central","origin":[0,0,2],"color":0,"children":[3,4,5,6]},{"name":"trigger","origin":[0,0,2],"color":0,"children":[7,8,9]},{"name":"support","origin":[0,0,2],"color":0,"children":[10,11]},{"name":"butt","origin":[0,0,2],"color":0,"children":[12,13,14]},{"name":"front","origin":[0,0,2],"color":0,"children":[15,16,17]}]}