{
	"credit": "Made with Blockbench",
	"texture_size": [64, 64],
	"textures": {
		"0": "blockbench/backpack/corpo",
		"particle": "blockbench/backpack/corpo"
	},
	"elements": [
		{
			"from": [10, 1, 3],
			"to": [11, 15, 13],
			"faces": {
				"north": {"uv": [4.5, 7.75, 4.75, 11.25], "texture": "#0"},
				"east": {"uv": [0, 4.25, 2.5, 7.75], "texture": "#0"},
				"south": {"uv": [4.75, 7.75, 5, 11.25], "texture": "#0"},
				"west": {"uv": [2.5, 4.25, 5, 7.75], "texture": "#0"},
				"up": {"uv": [6.5, 10.25, 6.25, 7.75], "texture": "#0"},
				"down": {"uv": [6.75, 7.75, 6.5, 10.25], "texture": "#0"}
			}
		},
		{
			"from": [4, 1, 3],
			"to": [5, 8, 13],
			"faces": {
				"north": {"uv": [7.75, 7.75, 8, 9.5], "texture": "#0"},
				"east": {"uv": [6.25, 4.25, 8.75, 6], "texture": "#0"},
				"south": {"uv": [8, 7.75, 8.25, 9.5], "texture": "#0"},
				"west": {"uv": [6.25, 6, 8.75, 7.75], "texture": "#0"},
				"up": {"uv": [7, 10.25, 6.75, 7.75], "texture": "#0"},
				"down": {"uv": [7.25, 7.75, 7, 10.25], "texture": "#0"}
			}
		},
		{
			"from": [3, 10, 11],
			"to": [4, 13, 12],
			"faces": {
				"north": {"uv": [5.25, 8.5, 5.5, 9], "texture": "#0"},
				"east": {"uv": [5.5, 8.5, 5.75, 9], "texture": "#0"},
				"south": {"uv": [5.75, 8.5, 6, 9], "texture": "#0"},
				"west": {"uv": [6, 8.5, 6.25, 9], "texture": "#0"},
				"up": {"uv": [9, 5.5, 8.75, 5.25], "texture": "#0"},
				"down": {"uv": [9, 5.5, 8.75, 5.75], "texture": "#0"}
			}
		},
		{
			"from": [3, 10, 4],
			"to": [4, 13, 5],
			"faces": {
				"north": {"uv": [8.5, 7.75, 8.75, 8.25], "texture": "#0"},
				"east": {"uv": [8.5, 8.25, 8.75, 8.75], "texture": "#0"},
				"south": {"uv": [8.75, 4.25, 9, 4.75], "texture": "#0"},
				"west": {"uv": [8.75, 4.75, 9, 5.25], "texture": "#0"},
				"up": {"uv": [9, 6, 8.75, 5.75], "texture": "#0"},
				"down": {"uv": [9, 6, 8.75, 6.25], "texture": "#0"}
			}
		},
		{
			"from": [5, 17, 3],
			"to": [9, 18, 13],
			"faces": {
				"north": {"uv": [7.25, 4, 8.25, 4.25], "texture": "#0"},
				"east": {"uv": [7.25, 3.5, 9.75, 3.75], "texture": "#0"},
				"south": {"uv": [8.25, 4, 9.25, 4.25], "texture": "#0"},
				"west": {"uv": [7.25, 3.75, 9.75, 4], "texture": "#0"},
				"up": {"uv": [3.5, 10.25, 2.5, 7.75], "texture": "#0"},
				"down": {"uv": [4.5, 7.75, 3.5, 10.25], "texture": "#0"}
			}
		},
		{
			"from": [4, 11, 3],
			"to": [5, 18, 13],
			"faces": {
				"north": {"uv": [8.25, 7.75, 8.5, 9.5], "texture": "#0"},
				"east": {"uv": [7.25, 0, 9.75, 1.75], "texture": "#0"},
				"south": {"uv": [5, 8.5, 5.25, 10.25], "texture": "#0"},
				"west": {"uv": [7.25, 1.75, 9.75, 3.5], "texture": "#0"},
				"up": {"uv": [7.5, 10.25, 7.25, 7.75], "texture": "#0"},
				"down": {"uv": [7.75, 7.75, 7.5, 10.25], "texture": "#0"}
			}
		},
		{
			"from": [5, 0, 2],
			"to": [10, 17, 14],
			"faces": {
				"north": {"uv": [5, 4.25, 6.25, 8.5], "texture": "#0"},
				"east": {"uv": [0, 0, 3, 4.25], "texture": "#0"},
				"south": {"uv": [6, 0, 7.25, 4.25], "texture": "#0"},
				"west": {"uv": [3, 0, 6, 4.25], "texture": "#0"},
				"up": {"uv": [1.25, 10.75, 0, 7.75], "texture": "#0"},
				"down": {"uv": [2.5, 7.75, 1.25, 10.75], "texture": "#0"}
			}
		}
	],
	"display": {
		"ground": {
			"rotation": [0, 0, -90],
			"scale": [2.5, 2.5, 2.5]
		},
		"head": {
			"rotation": [0, 90, 0],
			"translation": [0, -8.5, 6]
		}
	},
	"groups": [
		{
			"name": "group",
			"origin": [0, 0, 0],
			"color": 0,
			"children": [0, 1, 2, 3, 4, 5, 6]
		}
	]
}